pa23/tests/general/100-call-operator-template-use-scope-shadowing.t	tool exit status mismatch (expected EXIT_SUCCESS, got EXIT_FAILURE)
pa23/tests/general/100-class-partial-specialization-selection.t	generated LowIR does not match reference after relaxed metadata canonicalization and order canonicalization; canonical diff written to tests/general/100-class-partial-specialization-selection.my.lowir.compare.diff
pa23/tests/general/100-constructor-template-const-ref-conversion.t	generated LowIR does not match reference after relaxed metadata canonicalization and order canonicalization; canonical diff written to tests/general/100-constructor-template-const-ref-conversion.my.lowir.compare.diff
pa23/tests/general/100-cross-specialization-converting-ctor-operator-template.t	tool exit status mismatch (expected EXIT_SUCCESS, got EXIT_FAILURE)
pa23/tests/general/100-current-specialization-constructor-template-owner.t	generated LowIR failed sanity validation: function @holder_int___make__t1 block ^entry load uses undefined slot $this
pa23/tests/general/100-current-specialization-member-body-cast-compare.t	generated LowIR does not match reference after relaxed metadata canonicalization and order canonicalization; canonical diff written to tests/general/100-current-specialization-member-body-cast-compare.my.lowir.compare.diff
pa23/tests/general/100-defaulted-trailing-class-partial-specialization.t	tool exit status mismatch (expected EXIT_SUCCESS, got EXIT_FAILURE)
pa23/tests/general/100-dependent-bool-partial-static-value-mangle.t	generated LowIR does not match reference after relaxed metadata canonicalization and order canonicalization; canonical diff written to tests/general/100-dependent-bool-partial-static-value-mangle.my.lowir.compare.diff
pa23/tests/general/100-dependent-qualified-nontype-base-argument.t	generated LowIR does not match reference after relaxed metadata canonicalization and order canonicalization; canonical diff written to tests/general/100-dependent-qualified-nontype-base-argument.my.lowir.compare.diff
pa23/tests/general/100-dependent-sizeof-owner-special-member.t	tool exit status mismatch (expected EXIT_SUCCESS, got EXIT_FAILURE)
pa23/tests/general/100-destructor-template-id-sfinae.t	tool exit status mismatch (expected EXIT_SUCCESS, got EXIT_FAILURE)
pa23/tests/general/100-explicit-specialization-cross-converting-ctor-body.t	generated LowIR does not match reference after relaxed metadata canonicalization and order canonicalization; canonical diff written to tests/general/100-explicit-specialization-cross-converting-ctor-body.my.lowir.compare.diff
pa23/tests/general/100-explicit-specialization-refreshes-stale-primary-instantiation.t	tool exit status mismatch (expected EXIT_SUCCESS, got EXIT_FAILURE)
pa23/tests/general/100-explicit-specialized-ctor-template-header-bad.t	tool exit status mismatch (expected EXIT_FAILURE, got EXIT_SUCCESS)
pa23/tests/general/100-forward-primary-partial-switch-value.t	tool exit status mismatch (expected EXIT_SUCCESS, got EXIT_FAILURE)
pa23/tests/general/100-function-template-array-parameter-string-literal.t	generated LowIR failed sanity validation: function @main block ^entry copyobj must use positive byte count and power-of-two alignment
pa23/tests/general/100-function-type-top-level-cv-ignored.t	tool exit status mismatch (expected EXIT_SUCCESS, got EXIT_FAILURE)
pa23/tests/general/100-local-member-call-constructor-template-instantiation.t	generated LowIR does not match reference after relaxed metadata canonicalization and order canonicalization; canonical diff written to tests/general/100-local-member-call-constructor-template-instantiation.my.lowir.compare.diff
pa23/tests/general/100-local-qualified-argument-replay.t	tool exit status mismatch (expected EXIT_SUCCESS, got EXIT_FAILURE)
pa23/tests/general/100-negative-nontype-substitution-comparison.t	generated LowIR does not match reference after relaxed metadata canonicalization and order canonicalization; canonical diff written to tests/general/100-negative-nontype-substitution-comparison.my.lowir.compare.diff
pa23/tests/general/100-out-of-namespace-class-template-member-result.t	tool exit status mismatch (expected EXIT_SUCCESS, got EXIT_FAILURE)
pa23/tests/general/100-partial-owner-out-of-class-member-binding-args.t	generated LowIR does not match reference after relaxed metadata canonicalization and order canonicalization; canonical diff written to tests/general/100-partial-owner-out-of-class-member-binding-args.my.lowir.compare.diff
pa23/tests/general/100-partial-specialization-concrete-namespace-argument-order.t	tool exit status mismatch (expected EXIT_SUCCESS, got EXIT_FAILURE)
pa23/tests/general/100-partial-specialization-current-instantiation-dependent-nontype.t	generated LowIR does not match reference after relaxed metadata canonicalization and order canonicalization; canonical diff written to tests/general/100-partial-specialization-current-instantiation-dependent-nontype.my.lowir.compare.diff
pa23/tests/general/100-partial-specialization-nontype-pattern-order.t	tool exit status mismatch (expected EXIT_SUCCESS, got EXIT_FAILURE)
pa23/tests/general/100-partial-specialization-reference-top-level-const-mismatch.t	tool exit status mismatch (expected EXIT_SUCCESS, got EXIT_FAILURE)
pa23/tests/general/100-qualified-member-alias-sfinae.t	tool exit status mismatch (expected EXIT_SUCCESS, got EXIT_FAILURE)
pa23/tests/general/100-reference-member-lookup-in-progress-base-typedef.t	tool exit status mismatch (expected EXIT_SUCCESS, got EXIT_FAILURE)
pa23/tests/general/100-reference-shell-out-of-class-current-specialization-iterator.t	tool exit status mismatch (expected EXIT_SUCCESS, got EXIT_FAILURE)
pa23/tests/general/100-structured-bool-boost-convertible-mpl-overload.t	generated LowIR does not match reference after relaxed metadata canonicalization and order canonicalization; canonical diff written to tests/general/100-structured-bool-boost-convertible-mpl-overload.my.lowir.compare.diff
pa23/tests/general/100-template-friend-class-constructor-access.t	generated LowIR does not match reference after relaxed metadata canonicalization and order canonicalization; canonical diff written to tests/general/100-template-friend-class-constructor-access.my.lowir.compare.diff
pa23/tests/general/100-template-instantiation-use-location-explicit-specialization.t	tool exit status mismatch (expected EXIT_SUCCESS, got EXIT_FAILURE)
pa23/tests/general/100-template-specialization-qualified-constructor-declaration.t	tool exit status mismatch (expected EXIT_SUCCESS, got EXIT_FAILURE)
pa23/tests/general/100-top-cv-pointer-does-not-match-unqualified-pointer-partial.t	tool exit status mismatch (expected EXIT_SUCCESS, got EXIT_FAILURE)
pa23/tests/general/100-tracked-explicit-specialization-member-definition.t	generated LowIR failed sanity validation: function @f block ^entry call @S_char___assign expects exactly 0 argument(s), got 2
pa23/tests/general/100-unevaluated-sizeof-call-surrogates.t	generated LowIR does not match reference after relaxed metadata canonicalization and order canonicalization; canonical diff written to tests/general/100-unevaluated-sizeof-call-surrogates.my.lowir.compare.diff
pa23/tests/general/200-array-reference-deduction.t	tool exit status mismatch (expected EXIT_SUCCESS, got EXIT_FAILURE)
pa23/tests/general/200-constructor-template-rvalue-beats-const-ref.t	tool exit status mismatch (expected EXIT_SUCCESS, got EXIT_FAILURE)
pa23/tests/general/200-cv-reference-partial-specialization-ordering.t	tool exit status mismatch (expected EXIT_SUCCESS, got EXIT_FAILURE)
pa23/tests/general/200-decltype-trailing-pack-template-id-deduction.t	tool exit status mismatch (expected EXIT_SUCCESS, got EXIT_FAILURE)
pa23/tests/general/200-dependent-builtin-decay-transform-return.t	tool exit status mismatch (expected EXIT_SUCCESS, got EXIT_FAILURE)
pa23/tests/general/200-dependent-remove-reference-transform-forwarding.t	generated LowIR does not match reference after relaxed metadata canonicalization and order canonicalization; canonical diff written to tests/general/200-dependent-remove-reference-transform-forwarding.my.lowir.compare.diff
pa23/tests/general/200-empty-pack-static-assert-trait-expansion.t	tool exit status mismatch (expected EXIT_SUCCESS, got EXIT_FAILURE)
pa23/tests/general/200-explicit-template-id-forward-losing-overload-body.t	tool exit status mismatch (expected EXIT_SUCCESS, got EXIT_FAILURE)
pa23/tests/general/200-function-pack-template-id-deduction-decltype.t	tool exit status mismatch (expected EXIT_SUCCESS, got EXIT_FAILURE)
pa23/tests/general/200-function-pointer-varargs-partial-specialization-order.t	tool exit status mismatch (expected EXIT_SUCCESS, got EXIT_FAILURE)
pa23/tests/general/200-function-template-array-bound-deduction.t	tool exit status mismatch (expected EXIT_SUCCESS, got EXIT_FAILURE)
pa23/tests/general/200-function-template-array-bound-shared-deduction.t	tool exit status mismatch (expected EXIT_SUCCESS, got EXIT_FAILURE)
pa23/tests/general/200-function-template-template-parameter-deduction.t	tool exit status mismatch (expected EXIT_SUCCESS, got EXIT_FAILURE)
pa23/tests/general/200-function-template-trailing-pack-partial-order.t	generated LowIR does not match reference after relaxed metadata canonicalization and order canonicalization; canonical diff written to tests/general/200-function-template-trailing-pack-partial-order.my.lowir.compare.diff
pa23/tests/general/200-function-template-variadic-template-template-deduction.t	tool exit status mismatch (expected EXIT_SUCCESS, got EXIT_FAILURE)
pa23/tests/general/200-function-type-partial-specialization-preference.t	generated LowIR does not match reference after relaxed metadata canonicalization and order canonicalization; canonical diff written to tests/general/200-function-type-partial-specialization-preference.my.lowir.compare.diff
pa23/tests/general/200-inherited-constructor-template-forwarding.t	tool exit status mismatch (expected EXIT_SUCCESS, got EXIT_FAILURE)
pa23/tests/general/200-local-pack-template-id-paren-init-in-if.t	tool exit status mismatch (expected EXIT_SUCCESS, got EXIT_FAILURE)
pa23/tests/general/200-local-pack-template-id-paren-init.t	tool exit status mismatch (expected EXIT_SUCCESS, got EXIT_FAILURE)
pa23/tests/general/200-member-function-template-address-explicit-pack.t	generated LowIR does not match reference after relaxed metadata canonicalization and order canonicalization; canonical diff written to tests/general/200-member-function-template-address-explicit-pack.my.lowir.compare.diff
pa23/tests/general/200-member-template-explicit-pack-forward-call.t	tool exit status mismatch (expected EXIT_SUCCESS, got EXIT_FAILURE)
pa23/tests/general/200-member-template-implicit-instantiation-not-overload.t	generated LowIR does not match reference after relaxed metadata canonicalization and order canonicalization; canonical diff written to tests/general/200-member-template-implicit-instantiation-not-overload.my.lowir.compare.diff
pa23/tests/general/200-nested-template-id-partial-specialization-deduction.t	tool exit status mismatch (expected EXIT_SUCCESS, got EXIT_FAILURE)
pa23/tests/general/200-nondeduced-context-only-bad.t	tool exit status mismatch (expected EXIT_FAILURE, got EXIT_SUCCESS)
pa23/tests/general/200-nontype-pack-fixed-tail-partial-specialization-ordering.t	tool exit status mismatch (expected EXIT_SUCCESS, got EXIT_FAILURE)
pa23/tests/general/200-out-of-class-member-template-namespace-typedef.t	generated LowIR failed sanity validation: function @N__Holder_int___run block ^entry call @N__Holder_int___make__t1 expects exactly 1 argument(s), got 4
pa23/tests/general/200-overload-set-address-nondeduced-bad.t	tool exit status mismatch (expected EXIT_FAILURE, got EXIT_SUCCESS)
pa23/tests/general/200-partial-specialization-reference-cv-nontype.t	tool exit status mismatch (expected EXIT_SUCCESS, got EXIT_FAILURE)
pa23/tests/general/200-repeated-argument-partial-specialization-ordering.t	tool exit status mismatch (expected EXIT_SUCCESS, got EXIT_FAILURE)
pa23/tests/general/200-template-template-qualified-default-arg-deduction.t	generated LowIR does not match reference after relaxed metadata canonicalization and order canonicalization; canonical diff written to tests/general/200-template-template-qualified-default-arg-deduction.my.lowir.compare.diff
pa23/tests/general/200-variable-template-named-template-id-deduction.t	tool exit status mismatch (expected EXIT_SUCCESS, got EXIT_FAILURE)
pa23/tests/general/200-void-head-pack-partial-specialization-ordering.t	tool exit status mismatch (expected EXIT_SUCCESS, got EXIT_FAILURE)
pa23/tests/general/300-alias-sfinae-inherited-member-value.t	generated LowIR does not match reference after relaxed metadata canonicalization and order canonicalization; canonical diff written to tests/general/300-alias-sfinae-inherited-member-value.my.lowir.compare.diff
pa23/tests/general/300-bad-constructor-template-parameter-shadowing-target-aware.t	tool exit status mismatch (expected EXIT_FAILURE, got EXIT_SUCCESS)
pa23/tests/general/300-constructor-template-defaulted-forwarding-lvalue-order.t	tool exit status mismatch (expected EXIT_SUCCESS, got EXIT_FAILURE)
pa23/tests/general/300-constructor-template-pack-before-defaulted-nontype.t	tool exit status mismatch (expected EXIT_SUCCESS, got EXIT_FAILURE)
pa23/tests/general/300-current-specialization-constructor-template-canonical-owner.t	generated LowIR failed sanity validation: function @duration_like_int___cast__t2 block ^entry load uses undefined slot $this
pa23/tests/general/300-defaulted-enable-if-overload-drop.t	tool exit status mismatch (expected EXIT_SUCCESS, got EXIT_FAILURE)
pa23/tests/general/300-defaulted-enable-if-template-parameter-selection.t	tool exit status mismatch (expected EXIT_SUCCESS, got EXIT_FAILURE)
pa23/tests/general/300-dependent-adl-hidden-friend-before-later-value.t	tool exit status mismatch (expected EXIT_SUCCESS, got EXIT_FAILURE)
pa23/tests/general/300-dependent-alias-helper-partial-specialization.t	tool exit status mismatch (expected EXIT_SUCCESS, got EXIT_FAILURE)
pa23/tests/general/300-dependent-bool-base-trait-type-argument.t	tool exit status mismatch (expected EXIT_SUCCESS, got EXIT_FAILURE)
pa23/tests/general/300-dependent-detected-or-instantiation-scope.t	tool exit status mismatch (expected EXIT_SUCCESS, got EXIT_FAILURE)
pa23/tests/general/300-dependent-enable-if-nontype-candidate-drop.t	generated LowIR does not match reference after relaxed metadata canonicalization and order canonicalization; canonical diff written to tests/general/300-dependent-enable-if-nontype-candidate-drop.my.lowir.compare.diff
pa23/tests/general/300-dependent-enable-if-return-less-equal.t	tool exit status mismatch (expected EXIT_SUCCESS, got EXIT_FAILURE)
pa23/tests/general/300-dependent-enable-if-return-sizeof-less.t	tool exit status mismatch (expected EXIT_SUCCESS, got EXIT_FAILURE)
pa23/tests/general/300-detected-or-alias-template-argument.t	tool exit status mismatch (expected EXIT_SUCCESS, got EXIT_FAILURE)
pa23/tests/general/300-detected-or-sfinae-fallback.t	tool exit status mismatch (expected EXIT_SUCCESS, got EXIT_FAILURE)
pa23/tests/general/300-explicit-function-template-pack-alias-sfinae.t	tool exit status mismatch (expected EXIT_SUCCESS, got EXIT_FAILURE)
pa23/tests/general/300-explicit-template-call-transitive-base-deduction.t	tool exit status mismatch (expected EXIT_SUCCESS, got EXIT_FAILURE)
pa23/tests/general/300-function-assignment-invocable-and-helper.t	generated LowIR does not match reference after relaxed metadata canonicalization and order canonicalization; canonical diff written to tests/general/300-function-assignment-invocable-and-helper.my.lowir.compare.diff
pa23/tests/general/300-function-template-empty-pack-trailing-default.t	generated LowIR does not match reference after relaxed metadata canonicalization and order canonicalization; canonical diff written to tests/general/300-function-template-empty-pack-trailing-default.my.lowir.compare.diff
pa23/tests/general/300-function-template-nested-alias-explicit-call.t	tool exit status mismatch (expected EXIT_SUCCESS, got EXIT_FAILURE)
pa23/tests/general/300-hidden-friend-dependent-return-specialization-scope.t	tool exit status mismatch (expected EXIT_SUCCESS, got EXIT_FAILURE)
pa23/tests/general/300-hidden-friend-sfinae-use-scope-shadowing.t	tool exit status mismatch (expected EXIT_SUCCESS, got EXIT_FAILURE)
pa23/tests/general/300-inherited-variable-template-enable-if-return.t	tool exit status mismatch (expected EXIT_SUCCESS, got EXIT_FAILURE)
pa23/tests/general/300-libcpp-style-move-voidptr-deduction.t	tool exit status mismatch (expected EXIT_SUCCESS, got EXIT_FAILURE)
pa23/tests/general/300-local-alias-explicit-template-pack-decltype.t	tool exit status mismatch (expected EXIT_SUCCESS, got EXIT_FAILURE)
pa23/tests/general/300-member-template-assignment-sfinae-copy-fallback.t	generated LowIR does not match reference after relaxed metadata canonicalization and order canonicalization; canonical diff written to tests/general/300-member-template-assignment-sfinae-copy-fallback.my.lowir.compare.diff
pa23/tests/general/300-out-of-class-partial-owner-ctor-using-alias.t	generated LowIR does not match reference after relaxed metadata canonicalization and order canonicalization; canonical diff written to tests/general/300-out-of-class-partial-owner-ctor-using-alias.my.lowir.compare.diff
pa23/tests/general/300-pack-expanded-enable-if-member-value.t	generated LowIR does not match reference after relaxed metadata canonicalization and order canonicalization; canonical diff written to tests/general/300-pack-expanded-enable-if-member-value.my.lowir.compare.diff
pa23/tests/general/300-qualified-member-class-explicit-specialization.t	tool exit status mismatch (expected EXIT_SUCCESS, got EXIT_FAILURE)
pa23/tests/general/300-recursive-streamable-sfinae-guard.t	tool exit status mismatch (expected EXIT_SUCCESS, got EXIT_FAILURE)
pa23/tests/general/300-recursive-swappable-enable-if-array-overload.t	tool exit status mismatch (expected EXIT_SUCCESS, got EXIT_FAILURE)
pa23/tests/general/300-sfinae-member-typedef-probe-no-body-instantiation.t	tool exit status mismatch (expected EXIT_SUCCESS, got EXIT_FAILURE)
pa23/tests/general/300-single-element-detector-idiom-sfinae-false.t	tool exit status mismatch (expected EXIT_SUCCESS, got EXIT_FAILURE)
pa23/tests/general/300-structured-enable-if-sizeof-pack-value.t	generated LowIR does not match reference after relaxed metadata canonicalization and order canonicalization; canonical diff written to tests/general/300-structured-enable-if-sizeof-pack-value.my.lowir.compare.diff
pa23/tests/general/300-structured-lazy-and-enable-if-pack-size.t	tool exit status mismatch (expected EXIT_SUCCESS, got EXIT_FAILURE)
pa23/tests/general/300-structured-type-id-bool-template-sfinae.t	generated LowIR does not match reference after relaxed metadata canonicalization and order canonicalization; canonical diff written to tests/general/300-structured-type-id-bool-template-sfinae.my.lowir.compare.diff
pa23/tests/general/300-unnamed-nontype-pack-static-enable-if-default.t	generated LowIR does not match reference after relaxed metadata canonicalization and order canonicalization; canonical diff written to tests/general/300-unnamed-nontype-pack-static-enable-if-default.my.lowir.compare.diff
pa23/tests/general/300-variable-template-detected-idiom-direct-arg.t	tool exit status mismatch (expected EXIT_SUCCESS, got EXIT_FAILURE)
pa23/tests/general/300-variadic-disjunction-conjunction-nontype-bool.t	tool exit status mismatch (expected EXIT_SUCCESS, got EXIT_FAILURE)
pa23/tests/general/300-void-t-decltype-function-template-call-partial-specialization.t	tool exit status mismatch (expected EXIT_SUCCESS, got EXIT_FAILURE)
pa23/tests/general/400-alias-nontype-expression-declaration-scope.t	tool exit status mismatch (expected EXIT_SUCCESS, got EXIT_FAILURE)
pa23/tests/general/400-alias-nontype-pack-partial-specialization-pattern.t	tool exit status mismatch (expected EXIT_SUCCESS, got EXIT_FAILURE)
pa23/tests/general/400-alias-pack-expansion-through-alias.t	tool exit status mismatch (expected EXIT_SUCCESS, got EXIT_FAILURE)
pa23/tests/general/400-alias-pack-nontype-expression-fast-path.t	tool exit status mismatch (expected EXIT_SUCCESS, got EXIT_FAILURE)
pa23/tests/general/400-alias-rebind-partial-specialization-shadow.t	tool exit status mismatch (expected EXIT_SUCCESS, got EXIT_FAILURE)
pa23/tests/general/400-alias-template-decltype-greater-type-argument.t	tool exit status mismatch (expected EXIT_SUCCESS, got EXIT_FAILURE)
pa23/tests/general/400-alias-template-decltype-member-type-argument.t	tool exit status mismatch (expected EXIT_SUCCESS, got EXIT_FAILURE)
pa23/tests/general/400-alias-template-decltype-shift-type-argument.t	tool exit status mismatch (expected EXIT_SUCCESS, got EXIT_FAILURE)
pa23/tests/general/400-alias-template-function-argument-cv.t	generated LowIR does not match reference after relaxed metadata canonicalization and order canonicalization; canonical diff written to tests/general/400-alias-template-function-argument-cv.my.lowir.compare.diff
pa23/tests/general/400-alias-template-pack-id-preserves-syntax.t	tool exit status mismatch (expected EXIT_SUCCESS, got EXIT_FAILURE)
pa23/tests/general/400-alias-template-pointer-cv-cache-distinction.t	tool exit status mismatch (expected EXIT_SUCCESS, got EXIT_FAILURE)
pa23/tests/general/400-alias-value-expression-type-argument.t	tool exit status mismatch (expected EXIT_SUCCESS, got EXIT_FAILURE)
pa23/tests/general/400-allocator-rebind-function-type-value.t	tool exit status mismatch (expected EXIT_SUCCESS, got EXIT_FAILURE)
pa23/tests/general/400-bad-nontype-template-argument-type-pack.t	tool exit status mismatch (expected EXIT_FAILURE, got EXIT_SUCCESS)
pa23/tests/general/400-bool-or-dependent-member-type-conditional-base.t	tool exit status mismatch (expected EXIT_SUCCESS, got EXIT_FAILURE)
pa23/tests/general/400-conversion-function-template-prefers-nontemplate.t	generated LowIR does not match reference after relaxed metadata canonicalization and order canonicalization; canonical diff written to tests/general/400-conversion-function-template-prefers-nontemplate.my.lowir.compare.diff
pa23/tests/general/400-cv-qualified-template-id-wrapper-class-partial-specialization.t	tool exit status mismatch (expected EXIT_SUCCESS, got EXIT_FAILURE)
pa23/tests/general/400-defaulted-nested-cv-template-template-partial-specialization.t	tool exit status mismatch (expected EXIT_SUCCESS, got EXIT_FAILURE)
pa23/tests/general/400-dependent-alias-default-recomputed-after-substitution.t	tool exit status mismatch (expected EXIT_SUCCESS, got EXIT_FAILURE)
pa23/tests/general/400-dependent-alias-nontype-sequence-filter.t	tool exit status mismatch (expected EXIT_SUCCESS, got EXIT_FAILURE)
pa23/tests/general/400-dependent-conditional-default-alias-recomputed.t	tool exit status mismatch (expected EXIT_SUCCESS, got EXIT_FAILURE)
pa23/tests/general/400-dependent-function-type-member-specialization.t	tool exit status mismatch (expected EXIT_SUCCESS, got EXIT_FAILURE)
pa23/tests/general/400-dependent-multiarg-function-type-template-argument.t	tool exit status mismatch (expected EXIT_SUCCESS, got EXIT_FAILURE)
pa23/tests/general/400-dependent-owner-member-class-template-partial-specialization.t	tool exit status mismatch (expected EXIT_SUCCESS, got EXIT_FAILURE)
pa23/tests/general/400-dependent-pack-typename-nontype-expression.t	tool exit status mismatch (expected EXIT_SUCCESS, got EXIT_FAILURE)
pa23/tests/general/400-dependent-remove-cv-transform-alias-substitution.t	tool exit status mismatch (expected EXIT_SUCCESS, got EXIT_FAILURE)
pa23/tests/general/400-elaborated-type-template-arg-false-branch.t	tool exit status mismatch (expected EXIT_SUCCESS, got EXIT_FAILURE)
pa23/tests/general/400-elaborated-type-template-arg-true-branch.t	tool exit status mismatch (expected EXIT_SUCCESS, got EXIT_FAILURE)
pa23/tests/general/400-forward-function-type-partial-specialization-pack-arity.t	tool exit status mismatch (expected EXIT_SUCCESS, got EXIT_FAILURE)
pa23/tests/general/400-function-parameter-pack-alias-expansion.t	tool exit status mismatch (expected EXIT_SUCCESS, got EXIT_FAILURE)
pa23/tests/general/400-function-type-cv-partial-specialization.t	tool exit status mismatch (expected EXIT_SUCCESS, got EXIT_FAILURE)
pa23/tests/general/400-function-type-pack-out-of-class-constructor-template.t	generated LowIR does not match reference after relaxed metadata canonicalization and order canonicalization; canonical diff written to tests/general/400-function-type-pack-out-of-class-constructor-template.my.lowir.compare.diff
pa23/tests/general/400-function-type-ref-qualified-partial-specialization.t	tool exit status mismatch (expected EXIT_SUCCESS, got EXIT_FAILURE)
pa23/tests/general/400-function-type-tail-pack-recursive-specialization.t	tool exit status mismatch (expected EXIT_SUCCESS, got EXIT_FAILURE)
pa23/tests/general/400-instantiated-function-fixed-prefix-pack-tail.t	tool exit status mismatch (expected EXIT_SUCCESS, got EXIT_FAILURE)
pa23/tests/general/400-member-alias-template-owner-rebind-cache.t	tool exit status mismatch (expected EXIT_SUCCESS, got EXIT_FAILURE)
pa23/tests/general/400-member-alias-template-template-dependent-replay.t	tool exit status mismatch (expected EXIT_SUCCESS, got EXIT_FAILURE)
pa23/tests/general/400-member-alias-template-template-empty-template-id-argument.t	tool exit status mismatch (expected EXIT_SUCCESS, got EXIT_FAILURE)
pa23/tests/general/400-member-alias-template-template-owner-argument.t	tool exit status mismatch (expected EXIT_SUCCESS, got EXIT_FAILURE)
pa23/tests/general/400-member-alias-template-template-sfinae-owner.t	tool exit status mismatch (expected EXIT_SUCCESS, got EXIT_FAILURE)
pa23/tests/general/400-member-template-class-pack-forward-before-token.t	tool exit status mismatch (expected EXIT_SUCCESS, got EXIT_FAILURE)
pa23/tests/general/400-member-template-explicit-local-typedef-call.t	generated LowIR does not match reference after relaxed metadata canonicalization and order canonicalization; canonical diff written to tests/general/400-member-template-explicit-local-typedef-call.my.lowir.compare.diff
pa23/tests/general/400-nested-pack-expansion-outer-type-pack.t	tool exit status mismatch (expected EXIT_SUCCESS, got EXIT_FAILURE)
pa23/tests/general/400-nontype-pack-comma-expression-syntax.t	tool exit status mismatch (expected EXIT_SUCCESS, got EXIT_FAILURE)
pa23/tests/general/400-nttp-pack-void-comma-expression.t	tool exit status mismatch (expected EXIT_SUCCESS, got EXIT_FAILURE)
pa23/tests/general/400-out-of-class-ctor-using-imported-member-template.t	generated LowIR does not match reference after relaxed metadata canonicalization and order canonicalization; canonical diff written to tests/general/400-out-of-class-ctor-using-imported-member-template.my.lowir.compare.diff
pa23/tests/general/400-out-of-class-member-template-definition.t	generated LowIR failed sanity validation: function @main block ^entry call @holder_int___same_size__t1 expects exactly 1 argument(s), got 2
pa23/tests/general/400-partial-specialization-inherited-constructor-template.t	tool exit status mismatch (expected EXIT_SUCCESS, got EXIT_FAILURE)
pa23/tests/general/400-partial-specialization-redecl-member-template-empty-pack.t	tool exit status mismatch (expected EXIT_SUCCESS, got EXIT_FAILURE)
pa23/tests/general/400-qualified-base-type-alias-from-nontype-pack.t	tool exit status mismatch (expected EXIT_SUCCESS, got EXIT_FAILURE)
pa23/tests/general/400-qualified-friend-member-template-access.t	tool exit status mismatch (expected EXIT_SUCCESS, got EXIT_FAILURE)
pa23/tests/general/400-qualified-nontype-pack-function-param-mangle.t	tool exit status mismatch (expected EXIT_SUCCESS, got EXIT_FAILURE)
pa23/tests/general/400-qualified-template-id-current-scope-alias-shadow.t	tool exit status mismatch (expected EXIT_SUCCESS, got EXIT_FAILURE)
pa23/tests/general/400-reference-member-depth-pack-sum.t	tool exit status mismatch (expected EXIT_SUCCESS, got EXIT_FAILURE)
pa23/tests/general/400-repeated-pack-partial-specialization-conflict.t	tool exit status mismatch (expected EXIT_SUCCESS, got EXIT_FAILURE)
pa23/tests/general/400-repeated-pack-partial-specialization-preference.t	tool exit status mismatch (expected EXIT_SUCCESS, got EXIT_FAILURE)
pa23/tests/general/400-sibling-namespace-dependent-member-template-id-owner.t	tool exit status mismatch (expected EXIT_SUCCESS, got EXIT_FAILURE)
pa23/tests/general/400-sibling-namespace-qualified-partial-specialization.t	generated LowIR does not match reference after relaxed metadata canonicalization and order canonicalization; canonical diff written to tests/general/400-sibling-namespace-qualified-partial-specialization.my.lowir.compare.diff
pa23/tests/general/400-single-pack-cast-target.t	tool exit status mismatch (expected EXIT_SUCCESS, got EXIT_FAILURE)
pa23/tests/general/400-sizeof-nontype-pack-recursive-template.t	tool exit status mismatch (expected EXIT_SUCCESS, got EXIT_FAILURE)
pa23/tests/general/400-static-data-nttp-pack-sizeof-bound.t	tool exit status mismatch (expected EXIT_SUCCESS, got EXIT_FAILURE)
pa23/tests/general/400-template-argument-qualified-member-template-type.t	tool exit status mismatch (expected EXIT_SUCCESS, got EXIT_FAILURE)
pa23/tests/general/400-template-member-assignment-operator.t	generated LowIR does not match reference after relaxed metadata canonicalization and order canonicalization; canonical diff written to tests/general/400-template-member-assignment-operator.my.lowir.compare.diff
pa23/tests/general/400-template-template-alias-default-arity-sfinae.t	tool exit status mismatch (expected EXIT_SUCCESS, got EXIT_FAILURE)
pa23/tests/general/400-template-template-arity-incomplete-partial.t	tool exit status mismatch (expected EXIT_SUCCESS, got EXIT_FAILURE)
pa23/tests/general/400-template-template-fixed-prefix-pack-order.t	tool exit status mismatch (expected EXIT_SUCCESS, got EXIT_FAILURE)
pa23/tests/general/400-template-template-member-current-specialization.t	generated LowIR does not match reference after relaxed metadata canonicalization and order canonicalization; canonical diff written to tests/general/400-template-template-member-current-specialization.my.lowir.compare.diff
pa23/tests/general/400-trailing-pack-partial-specialization-empty-pack-type-member.t	tool exit status mismatch (expected EXIT_SUCCESS, got EXIT_FAILURE)
pa23/tests/general/400-trailing-pack-partial-specialization-nonempty-pack-type-member.t	tool exit status mismatch (expected EXIT_SUCCESS, got EXIT_FAILURE)
pa23/tests/general/400-variable-template-specializations.t	generated LowIR does not match reference after relaxed metadata canonicalization and order canonicalization; canonical diff written to tests/general/400-variable-template-specializations.my.lowir.compare.diff
pa23/tests/general/500-alias-pack-enable-if-constexpr-constructor.t	tool exit status mismatch (expected EXIT_SUCCESS, got EXIT_FAILURE)
pa23/tests/general/500-alias-pack-function-return-concrete.t	tool exit status mismatch (expected EXIT_SUCCESS, got EXIT_FAILURE)
pa23/tests/general/500-alias-template-template-defaulted-sfinae-canonical-args.t	tool exit status mismatch (expected EXIT_SUCCESS, got EXIT_FAILURE)
pa23/tests/general/500-async-initiate-dependent-return-sfinae.t	tool exit status mismatch (expected EXIT_SUCCESS, got EXIT_FAILURE)
pa23/tests/general/500-base-qualified-template-value-arg-syntax.t	tool exit status mismatch (expected EXIT_SUCCESS, got EXIT_FAILURE)
pa23/tests/general/500-constructor-sfinae-member-template-value.t	generated LowIR does not match reference after relaxed metadata canonicalization and order canonicalization; canonical diff written to tests/general/500-constructor-sfinae-member-template-value.my.lowir.compare.diff
pa23/tests/general/500-decltype-call-substitution-failure-partial-specialization.t	tool exit status mismatch (expected EXIT_SUCCESS, got EXIT_FAILURE)
pa23/tests/general/500-defaulted-nontype-qualified-alias-value.t	tool exit status mismatch (expected EXIT_SUCCESS, got EXIT_FAILURE)
pa23/tests/general/500-defaulted-pack-bool-short-circuit-sfinae.t	generated LowIR does not match reference after relaxed metadata canonicalization and order canonicalization; canonical diff written to tests/general/500-defaulted-pack-bool-short-circuit-sfinae.my.lowir.compare.diff
pa23/tests/general/500-dependent-alias-decltype-qualified-function-source-tokens.t	tool exit status mismatch (expected EXIT_SUCCESS, got EXIT_FAILURE)
pa23/tests/general/500-dependent-alias-member-template-id-defer.t	tool exit status mismatch (expected EXIT_SUCCESS, got EXIT_FAILURE)
pa23/tests/general/500-dependent-member-alias-function-return.t	generated LowIR does not match reference after relaxed metadata canonicalization and order canonicalization; canonical diff written to tests/general/500-dependent-member-alias-function-return.my.lowir.compare.diff
pa23/tests/general/500-dependent-qualified-sizeof-static-member.t	tool exit status mismatch (expected EXIT_SUCCESS, got EXIT_FAILURE)
pa23/tests/general/500-explicit-specialization-dependent-param-typedef.t	generated LowIR does not match reference after relaxed metadata canonicalization and order canonicalization; canonical diff written to tests/general/500-explicit-specialization-dependent-param-typedef.my.lowir.compare.diff
pa23/tests/general/500-function-template-parameter-alias-sees-previous-param.t	tool exit status mismatch (expected EXIT_SUCCESS, got EXIT_FAILURE)
pa23/tests/general/500-index-sequence-alias-constructor-deduction.t	tool exit status mismatch (expected EXIT_SUCCESS, got EXIT_FAILURE)
pa23/tests/general/500-inherited-constructor-template-member-alias-pack.t	tool exit status mismatch (expected EXIT_SUCCESS, got EXIT_FAILURE)
pa23/tests/general/500-internal-remove-cvref-alias-sfinae.t	generated LowIR does not match reference after relaxed metadata canonicalization and order canonicalization; canonical diff written to tests/general/500-internal-remove-cvref-alias-sfinae.my.lowir.compare.diff
pa23/tests/general/500-member-template-dependent-owner-defaulted-sfinae.t	tool exit status mismatch (expected EXIT_SUCCESS, got EXIT_FAILURE)
pa23/tests/general/500-member-template-enable-if-redeclaration-overload.t	generated LowIR failed sanity validation: function @box_pointer_to_int___run block ^entry call @box_pointer_to_int___pick__t1 expects exactly 1 argument(s), got 3
pa23/tests/general/500-out-of-class-member-template-dependent-owner-type.t	generated LowIR failed sanity validation: function @main block ^entry call @service_mutex_type___receive__t1 expects exactly 1 argument(s), got 3
pa23/tests/general/500-pack-alias-functional-bool-trait-sfinae.t	tool exit status mismatch (expected EXIT_SUCCESS, got EXIT_FAILURE)
pa23/tests/general/500-pack-alias-inherited-bool-constant.t	tool exit status mismatch (expected EXIT_SUCCESS, got EXIT_FAILURE)
pa23/tests/general/500-qualified-member-function-value-fallback-sfinae.t	tool exit status mismatch (expected EXIT_SUCCESS, got EXIT_FAILURE)
pa23/tests/general/500-qualified-rebind-detected-type-arg.t	tool exit status mismatch (expected EXIT_SUCCESS, got EXIT_FAILURE)
pa23/tests/general/500-range-array-reference-mutable-begin.t	tool exit status mismatch (expected EXIT_SUCCESS, got EXIT_FAILURE)
pa23/tests/general/500-recursive-qualified-member-template-bool-arg.t	tool exit status mismatch (expected EXIT_SUCCESS, got EXIT_FAILURE)
pa23/tests/general/500-short-circuit-alias-member-sfinae.t	tool exit status mismatch (expected EXIT_SUCCESS, got EXIT_FAILURE)
pa23/tests/general/500-source-owner-member-template-sfinae-default.t	tool exit status mismatch (expected EXIT_SUCCESS, got EXIT_FAILURE)
pa23/tests/general/500-tcc-member-constructible-pack-sfinae.t	tool exit status mismatch (expected EXIT_SUCCESS, got EXIT_FAILURE)
pa23/tests/general/500-template-deduction-rejects-value-base-argument.t	tool exit status mismatch (expected EXIT_SUCCESS, got EXIT_FAILURE)
pa23/tests/general/500-type-pack-element-preserves-concrete-argument.t	tool exit status mismatch (expected EXIT_SUCCESS, got EXIT_FAILURE)
pa23/tests/general/500-type-pack-element-result-selects-copy-ctor.t	tool exit status mismatch (expected EXIT_SUCCESS, got EXIT_FAILURE)
pa23/tests/spec/100-constructor-template-const-ref-conversion.t	generated LowIR does not match reference after relaxed metadata canonicalization and order canonicalization; canonical diff written to tests/spec/100-constructor-template-const-ref-conversion.my.lowir.compare.diff
pa23/tests/spec/100-explicit-instantiation-static-member-function.t	generated LowIR does not match reference after relaxed metadata canonicalization and order canonicalization; canonical diff written to tests/spec/100-explicit-instantiation-static-member-function.my.lowir.compare.diff
pa23/tests/spec/100-explicit-specialization-after-instantiation.t	tool exit status mismatch (expected EXIT_FAILURE, got EXIT_SUCCESS)
pa23/tests/spec/100-explicit-specialization-cross-converting-ctor-body.t	generated LowIR does not match reference after relaxed metadata canonicalization and order canonicalization; canonical diff written to tests/spec/100-explicit-specialization-cross-converting-ctor-body.my.lowir.compare.diff
pa23/tests/spec/100-explicit-specialization-member-definition-after-forward-use.t	generated LowIR failed sanity validation: function @main block ^entry call @s_char___assign expects exactly 0 argument(s), got 2
pa23/tests/spec/100-explicit-specialization-member-function.t	generated LowIR does not match reference after relaxed metadata canonicalization and order canonicalization; canonical diff written to tests/spec/100-explicit-specialization-member-function.my.lowir.compare.diff
pa23/tests/spec/100-explicit-specialization-refreshes-stale-primary-instantiation.t	tool exit status mismatch (expected EXIT_SUCCESS, got EXIT_FAILURE)
pa23/tests/spec/100-explicit-specialization-static-data-member.t	generated LowIR does not match reference after relaxed metadata canonicalization and order canonicalization; canonical diff written to tests/spec/100-explicit-specialization-static-data-member.my.lowir.compare.diff
pa23/tests/spec/100-extern-template-constructor-declaration.t	tool exit status mismatch (expected EXIT_SUCCESS, got EXIT_FAILURE)
pa23/tests/spec/100-local-member-call-constructor-template-instantiation.t	generated LowIR does not match reference after relaxed metadata canonicalization and order canonicalization; canonical diff written to tests/spec/100-local-member-call-constructor-template-instantiation.my.lowir.compare.diff
pa23/tests/spec/100-nontype-reference-argument.t	tool exit status mismatch (expected EXIT_SUCCESS, got EXIT_FAILURE)
pa23/tests/spec/100-nontype-static-outdef-value-member-preserves-type.t	generated LowIR does not match reference after relaxed metadata canonicalization and order canonicalization; canonical diff written to tests/spec/100-nontype-static-outdef-value-member-preserves-type.my.lowir.compare.diff
pa23/tests/spec/100-out-of-class-conversion-operator-definition.t	generated LowIR does not match reference after relaxed metadata canonicalization and order canonicalization; canonical diff written to tests/spec/100-out-of-class-conversion-operator-definition.my.lowir.compare.diff
pa23/tests/spec/100-using-declaration-imports-function-template.t	generated LowIR does not match reference after relaxed metadata canonicalization and order canonicalization; canonical diff written to tests/spec/100-using-declaration-imports-function-template.my.lowir.compare.diff
pa23/tests/spec/200-array-bound-class-partial-specialization.t	generated LowIR does not match reference after relaxed metadata canonicalization and order canonicalization; canonical diff written to tests/spec/200-array-bound-class-partial-specialization.my.lowir.compare.diff
pa23/tests/spec/200-defaulted-class-template-argument-pack-prefix-deduction.t	generated LowIR failed sanity validation: function @main block ^entry call @tuples__tuple_int__tuples__null_type__tuples__null_type__tuples__null_type__tuples__null_type__tuples__null_type__tuples__null_type__tuples__null_type__tuples__null_type__tuples__null_type___tuple expects exactly 4 argument(s), got 2
pa23/tests/spec/200-defaulted-class-template-argument-prefix-deduction.t	generated LowIR does not match reference after relaxed metadata canonicalization and order canonicalization; canonical diff written to tests/spec/200-defaulted-class-template-argument-prefix-deduction.my.lowir.compare.diff
pa23/tests/spec/200-dependent-specialized-default-arg-deduction.t	generated LowIR does not match reference after relaxed metadata canonicalization and order canonicalization; canonical diff written to tests/spec/200-dependent-specialized-default-arg-deduction.my.lowir.compare.diff
pa23/tests/spec/200-function-template-array-bound-deduction.t	tool exit status mismatch (expected EXIT_SUCCESS, got EXIT_FAILURE)
pa23/tests/spec/200-member-template-explicit-pack-forward-call.t	tool exit status mismatch (expected EXIT_SUCCESS, got EXIT_FAILURE)
pa23/tests/spec/300-cross-specialization-converting-ctor-operator-template.t	tool exit status mismatch (expected EXIT_SUCCESS, got EXIT_FAILURE)
pa23/tests/spec/300-defaulted-enable-if-after-array-bound-deduction.t	tool exit status mismatch (expected EXIT_SUCCESS, got EXIT_FAILURE)
pa23/tests/spec/300-inline-namespace-using-directive-sfinae-overloads.t	generated LowIR does not match reference after relaxed metadata canonicalization and order canonicalization; canonical diff written to tests/spec/300-inline-namespace-using-directive-sfinae-overloads.my.lowir.compare.diff
pa23/tests/spec/300-out-of-class-sfinae-member-template-alias-body.t	generated LowIR failed sanity validation: function @box_int___call block ^entry call @box_int___assign__t1 expects exactly 1 argument(s), got 3
pa23/tests/spec/300-out-of-class-sfinae-member-template-body.t	generated LowIR failed sanity validation: function @main block ^entry call @container_int___insert__t1 expects exactly 1 argument(s), got 3
pa23/tests/spec/300-qualified-template-id-function-template-use-scope.t	tool exit status mismatch (expected EXIT_SUCCESS, got EXIT_FAILURE)
pa23/tests/spec/300-template-id-direct-parameter-same-name-deduction.t	generated LowIR does not match reference after relaxed metadata canonicalization and order canonicalization; canonical diff written to tests/spec/300-template-id-direct-parameter-same-name-deduction.my.lowir.compare.diff
pa23/tests/spec/300-typedef-class-template-does-not-instantiate.t	tool exit status mismatch (expected EXIT_SUCCESS, got EXIT_FAILURE)
pa23/tests/spec/300-void-t-decltype-function-template-call-partial-specialization.t	generated LowIR does not match reference after relaxed metadata canonicalization and order canonicalization; canonical diff written to tests/spec/300-void-t-decltype-function-template-call-partial-specialization.my.lowir.compare.diff
pa23/tests/spec/300-void-t-detector.t	generated LowIR does not match reference after relaxed metadata canonicalization and order canonicalization; canonical diff written to tests/spec/300-void-t-detector.my.lowir.compare.diff
pa23/tests/spec/400-conversion-function-template-owner-result-copy-init.t	tool exit status mismatch (expected EXIT_SUCCESS, got EXIT_FAILURE)
pa23/tests/spec/400-defaulted-type-arg-specialization-nontype-value.t	tool exit status mismatch (expected EXIT_SUCCESS, got EXIT_FAILURE)
pa23/tests/spec/400-member-class-template-out-of-class.t	tool exit status mismatch (expected EXIT_SUCCESS, got EXIT_FAILURE)
pa23/tests/spec/400-member-function-template-out-of-class.t	generated LowIR failed sanity validation: function @main block ^entry call @box_int___cast__t1 expects exactly 0 argument(s), got 1
pa23/tests/spec/400-member-template-nontype-param-shadows-inherited-value.t	generated LowIR does not match reference after relaxed metadata canonicalization and order canonicalization; canonical diff written to tests/spec/400-member-template-nontype-param-shadows-inherited-value.my.lowir.compare.diff
pa23/tests/spec/400-out-of-class-member-template-owner-param-rename.t	generated LowIR failed sanity validation: function @main block ^entry call @deque_like_int__char___h__t2 expects exactly 1 argument(s), got 5
pa23/tests/spec/400-out-of-class-member-template-tag-dispatch-definition.t	generated LowIR failed sanity validation: function @main block ^entry call @box_int___pick__t2 expects exactly 1 argument(s), got 4
pa23/tests/spec/400-out-of-class-overloaded-member-template-definition.t	generated LowIR failed sanity validation: function @main block ^entry call @C_int___f__t1 expects exactly 1 argument(s), got 3
pa23/tests/spec/400-variadic-base-pack-expansion.t	tool exit status mismatch (expected EXIT_SUCCESS, got EXIT_FAILURE)
pa23/tests/spec/500-array-reference-cv-partial-ordering.t	tool exit status mismatch (expected EXIT_SUCCESS, got EXIT_FAILURE)
pa23/tests/spec/500-function-template-array-bound-only-deduction.t	tool exit status mismatch (expected EXIT_SUCCESS, got EXIT_FAILURE)
pa23/tests/spec/500-hidden-friend-query-free-decltype-noexcept.t	tool exit status mismatch (expected EXIT_SUCCESS, got EXIT_FAILURE)
pa23/tests/spec/500-member-alias-pack-owner-sfinae.t	tool exit status mismatch (expected EXIT_SUCCESS, got EXIT_FAILURE)
pa23/tests/spec/500-nondeduced-qualified-member-type-allows-conversion.t	tool exit status mismatch (expected EXIT_SUCCESS, got EXIT_FAILURE)
pa23/tests/spec/500-template-template-conversion-operator-reference-target.t	tool exit status mismatch (expected EXIT_SUCCESS, got EXIT_FAILURE)
pa23/tests/spec/500-template-template-piecewise-partial-ordering.t	tool exit status mismatch (expected EXIT_SUCCESS, got EXIT_FAILURE)
pa23/tests/spec/500-unqualified-member-template-local-alias-deduction.t	tool exit status mismatch (expected EXIT_SUCCESS, got EXIT_FAILURE)
