pa23/tests/general/100-bool-nontype-integral-member-equality.t	tool exit status mismatch (expected EXIT_SUCCESS, got EXIT_FAILURE)
pa23/tests/general/100-call-operator-template-use-scope-shadowing.t	tool exit status mismatch (expected EXIT_SUCCESS, got EXIT_FAILURE)
pa23/tests/general/100-constructor-template-const-ref-conversion.t	tool exit status mismatch (expected EXIT_SUCCESS, got EXIT_FAILURE)
pa23/tests/general/100-cross-specialization-converting-ctor-operator-template.t	tool exit status mismatch (expected EXIT_SUCCESS, got EXIT_FAILURE)
pa23/tests/general/100-current-class-static-member-nontype-argument-body-check.t	generated LowIR does not match reference after relaxed metadata canonicalization and order canonicalization; canonical diff written to tests/general/100-current-class-static-member-nontype-argument-body-check.my.lowir.compare.diff
pa23/tests/general/100-defaulted-trailing-class-partial-specialization.t	tool exit status mismatch (expected EXIT_SUCCESS, got EXIT_FAILURE)
pa23/tests/general/100-dependent-bool-partial-static-value-mangle.t	tool exit status mismatch (expected EXIT_SUCCESS, got EXIT_FAILURE)
pa23/tests/general/100-dependent-qualified-nontype-base-argument.t	tool exit status mismatch (expected EXIT_SUCCESS, got EXIT_FAILURE)
pa23/tests/general/100-dependent-recursive-arity-specialization-order.t	tool exit status mismatch (expected EXIT_SUCCESS, got EXIT_FAILURE)
pa23/tests/general/100-dependent-sizeof-owner-special-member.t	tool exit status mismatch (expected EXIT_SUCCESS, got EXIT_FAILURE)
pa23/tests/general/100-destructor-template-id-sfinae.t	tool exit status mismatch (expected EXIT_SUCCESS, got EXIT_FAILURE)
pa23/tests/general/100-direct-namespace-wins-over-using-directive.t	tool exit status mismatch (expected EXIT_SUCCESS, got EXIT_FAILURE)
pa23/tests/general/100-explicit-specialization-cross-converting-ctor-body.t	tool exit status mismatch (expected EXIT_SUCCESS, got EXIT_FAILURE)
pa23/tests/general/100-explicit-specialization-redeclaration-keeps-definition.t	tool exit status mismatch (expected EXIT_SUCCESS, got EXIT_FAILURE)
pa23/tests/general/100-explicit-specialized-ctor-template-header-bad.t	tool exit status mismatch (expected EXIT_FAILURE, got EXIT_SUCCESS)
pa23/tests/general/100-forward-primary-partial-switch-value.t	tool exit status mismatch (expected EXIT_SUCCESS, got EXIT_FAILURE)
pa23/tests/general/100-function-type-not-pointer-partial-specialization.t	tool exit status mismatch (expected EXIT_SUCCESS, got EXIT_FAILURE)
pa23/tests/general/100-function-type-top-level-cv-ignored.t	tool exit status mismatch (expected EXIT_SUCCESS, got EXIT_FAILURE)
pa23/tests/general/100-inline-class-template-member-required-output.t	tool exit status mismatch (expected EXIT_SUCCESS, got EXIT_FAILURE)
pa23/tests/general/100-inline-namespace-qualified-class-template-member-typedef.t	tool exit status mismatch (expected EXIT_SUCCESS, got EXIT_FAILURE)
pa23/tests/general/100-intermediate-type-transform-value-nontype.t	tool exit status mismatch (expected EXIT_SUCCESS, got EXIT_FAILURE)
pa23/tests/general/100-local-constructor-template-member-typedef.t	tool exit status mismatch (expected EXIT_SUCCESS, got EXIT_FAILURE)
pa23/tests/general/100-local-member-call-constructor-template-instantiation.t	tool exit status mismatch (expected EXIT_SUCCESS, got EXIT_FAILURE)
pa23/tests/general/100-local-qualified-argument-replay.t	tool exit status mismatch (expected EXIT_SUCCESS, got EXIT_FAILURE)
pa23/tests/general/100-nested-template-static-value-nontype-expression.t	tool exit status mismatch (expected EXIT_SUCCESS, got EXIT_FAILURE)
pa23/tests/general/100-nontype-integral-value-binding-conversion.t	tool exit status mismatch (expected EXIT_SUCCESS, got EXIT_FAILURE)
pa23/tests/general/100-out-of-namespace-class-template-member-result.t	tool exit status mismatch (expected EXIT_SUCCESS, got EXIT_FAILURE)
pa23/tests/general/100-partial-specialization-current-instantiation-dependent-nontype.t	tool exit status mismatch (expected EXIT_SUCCESS, got EXIT_FAILURE)
pa23/tests/general/100-partial-specialization-nontype-pattern-order.t	tool exit status mismatch (expected EXIT_SUCCESS, got EXIT_FAILURE)
pa23/tests/general/100-qualified-member-alias-sfinae.t	tool exit status mismatch (expected EXIT_SUCCESS, got EXIT_FAILURE)
pa23/tests/general/100-reference-shell-out-of-class-current-specialization-iterator.t	tool exit status mismatch (expected EXIT_SUCCESS, got EXIT_FAILURE)
pa23/tests/general/100-reference-shell-qualified-storage-type-recursion.t	tool exit status mismatch (expected EXIT_SUCCESS, got EXIT_FAILURE)
pa23/tests/general/100-structured-bool-boost-convertible-mpl-overload.t	tool exit status mismatch (expected EXIT_SUCCESS, got EXIT_FAILURE)
pa23/tests/general/100-top-cv-pointer-does-not-match-unqualified-pointer-partial.t	generated LowIR does not match reference after relaxed metadata canonicalization and order canonicalization; canonical diff written to tests/general/100-top-cv-pointer-does-not-match-unqualified-pointer-partial.my.lowir.compare.diff
pa23/tests/general/100-unevaluated-sizeof-call-surrogates.t	tool exit status mismatch (expected EXIT_SUCCESS, got EXIT_FAILURE)
pa23/tests/general/200-adl-explicit-template-id-call.t	tool exit status mismatch (expected EXIT_SUCCESS, got EXIT_FAILURE)
pa23/tests/general/200-array-reference-deduction.t	tool exit status mismatch (expected EXIT_SUCCESS, got EXIT_FAILURE)
pa23/tests/general/200-class-partial-specialization-no-derived-base-deduction.t	tool exit status mismatch (expected EXIT_SUCCESS, got EXIT_FAILURE)
pa23/tests/general/200-constructor-template-parameter-shadows-instantiated-type.t	generated LowIR does not match reference after relaxed metadata canonicalization and order canonicalization; canonical diff written to tests/general/200-constructor-template-parameter-shadows-instantiated-type.my.lowir.compare.diff
pa23/tests/general/200-decltype-trailing-pack-template-id-deduction.t	tool exit status mismatch (expected EXIT_SUCCESS, got EXIT_FAILURE)
pa23/tests/general/200-dependent-builtin-decay-transform-return.t	tool exit status mismatch (expected EXIT_SUCCESS, got EXIT_FAILURE)
pa23/tests/general/200-dependent-decltype-nested-call-pack-expansion.t	tool exit status mismatch (expected EXIT_SUCCESS, got EXIT_FAILURE)
pa23/tests/general/200-dependent-remove-reference-transform-forwarding.t	tool exit status mismatch (expected EXIT_SUCCESS, got EXIT_FAILURE)
pa23/tests/general/200-function-pack-template-id-deduction-decltype.t	tool exit status mismatch (expected EXIT_SUCCESS, got EXIT_FAILURE)
pa23/tests/general/200-function-pointer-varargs-partial-specialization-order.t	tool exit status mismatch (expected EXIT_SUCCESS, got EXIT_FAILURE)
pa23/tests/general/200-function-template-array-bound-deduction.t	tool exit status mismatch (expected EXIT_SUCCESS, got EXIT_FAILURE)
pa23/tests/general/200-function-template-array-bound-shared-deduction.t	tool exit status mismatch (expected EXIT_SUCCESS, got EXIT_FAILURE)
pa23/tests/general/200-function-template-reference-cv-alias-partial-order.t	generated LowIR does not match reference after relaxed metadata canonicalization and order canonicalization; canonical diff written to tests/general/200-function-template-reference-cv-alias-partial-order.my.lowir.compare.diff
pa23/tests/general/200-function-template-template-parameter-deduction.t	tool exit status mismatch (expected EXIT_SUCCESS, got EXIT_FAILURE)
pa23/tests/general/200-function-template-trailing-pack-partial-order.t	generated LowIR does not match reference after relaxed metadata canonicalization and order canonicalization; canonical diff written to tests/general/200-function-template-trailing-pack-partial-order.my.lowir.compare.diff
pa23/tests/general/200-function-template-variadic-template-template-deduction.t	tool exit status mismatch (expected EXIT_SUCCESS, got EXIT_FAILURE)
pa23/tests/general/200-inherited-constructor-template-forwarding.t	tool exit status mismatch (expected EXIT_SUCCESS, got EXIT_FAILURE)
pa23/tests/general/200-member-function-template-address-explicit-pack.t	tool exit status mismatch (expected EXIT_SUCCESS, got EXIT_FAILURE)
pa23/tests/general/200-member-template-explicit-pack-forward-call.t	tool exit status mismatch (expected EXIT_SUCCESS, got EXIT_FAILURE)
pa23/tests/general/200-member-template-implicit-instantiation-not-overload.t	tool exit status mismatch (expected EXIT_SUCCESS, got EXIT_FAILURE)
pa23/tests/general/200-nested-template-id-partial-specialization-deduction.t	tool exit status mismatch (expected EXIT_SUCCESS, got EXIT_FAILURE)
pa23/tests/general/200-nontype-pack-fixed-tail-partial-specialization-ordering.t	tool exit status mismatch (expected EXIT_SUCCESS, got EXIT_FAILURE)
pa23/tests/general/200-out-of-class-member-template-namespace-typedef.t	generated LowIR does not match reference after relaxed metadata canonicalization and order canonicalization; canonical diff written to tests/general/200-out-of-class-member-template-namespace-typedef.my.lowir.compare.diff
pa23/tests/general/200-overload-set-address-nondeduced-bad.t	tool exit status mismatch (expected EXIT_FAILURE, got EXIT_SUCCESS)
pa23/tests/general/200-pack-not-at-end-nondeduced-bad.t	tool exit status mismatch (expected EXIT_FAILURE, got EXIT_SUCCESS)
pa23/tests/general/200-repeated-argument-partial-specialization-ordering.t	tool exit status mismatch (expected EXIT_SUCCESS, got EXIT_FAILURE)
pa23/tests/general/200-template-template-qualified-default-arg-deduction.t	tool exit status mismatch (expected EXIT_SUCCESS, got EXIT_FAILURE)
pa23/tests/general/200-variable-template-named-template-id-deduction.t	tool exit status mismatch (expected EXIT_SUCCESS, got EXIT_FAILURE)
pa23/tests/general/200-void-head-pack-partial-specialization-ordering.t	tool exit status mismatch (expected EXIT_SUCCESS, got EXIT_FAILURE)
pa23/tests/general/300-alias-sfinae-inherited-member-value.t	tool exit status mismatch (expected EXIT_SUCCESS, got EXIT_FAILURE)
pa23/tests/general/300-array-qualified-member-type-sfinae.t	tool exit status mismatch (expected EXIT_SUCCESS, got EXIT_FAILURE)
pa23/tests/general/300-bad-constructor-template-parameter-shadowing-target-aware.t	tool exit status mismatch (expected EXIT_FAILURE, got EXIT_SUCCESS)
pa23/tests/general/300-constructor-template-const-ref-enable-if-conversion.t	generated LowIR does not match reference after relaxed metadata canonicalization and order canonicalization; canonical diff written to tests/general/300-constructor-template-const-ref-enable-if-conversion.my.lowir.compare.diff
pa23/tests/general/300-constructor-template-defaulted-forwarding-lvalue-order.t	tool exit status mismatch (expected EXIT_SUCCESS, got EXIT_FAILURE)
pa23/tests/general/300-constructor-template-pack-before-defaulted-nontype.t	tool exit status mismatch (expected EXIT_SUCCESS, got EXIT_FAILURE)
pa23/tests/general/300-current-specialization-constructor-template-canonical-owner.t	tool exit status mismatch (expected EXIT_SUCCESS, got EXIT_FAILURE)
pa23/tests/general/300-defaulted-enable-if-template-parameter-selection.t	tool exit status mismatch (expected EXIT_SUCCESS, got EXIT_FAILURE)
pa23/tests/general/300-dependent-adl-hidden-friend-before-later-value.t	tool exit status mismatch (expected EXIT_SUCCESS, got EXIT_FAILURE)
pa23/tests/general/300-dependent-bool-base-trait-type-argument.t	tool exit status mismatch (expected EXIT_SUCCESS, got EXIT_FAILURE)
pa23/tests/general/300-dependent-detected-or-instantiation-scope.t	tool exit status mismatch (expected EXIT_SUCCESS, got EXIT_FAILURE)
pa23/tests/general/300-dependent-detected-or-missing-member-enable-if-call.t	tool exit status mismatch (expected EXIT_SUCCESS, got EXIT_FAILURE)
pa23/tests/general/300-dependent-detected-or-missing-member-enable-if.t	tool exit status mismatch (expected EXIT_SUCCESS, got EXIT_FAILURE)
pa23/tests/general/300-dependent-enable-if-nontype-candidate-drop.t	generated LowIR does not match reference after relaxed metadata canonicalization and order canonicalization; canonical diff written to tests/general/300-dependent-enable-if-nontype-candidate-drop.my.lowir.compare.diff
pa23/tests/general/300-dependent-enable-if-return-sizeof-less.t	tool exit status mismatch (expected EXIT_SUCCESS, got EXIT_FAILURE)
pa23/tests/general/300-dependent-negated-enable-if-nontype-parameter.t	generated LowIR does not match reference after relaxed metadata canonicalization and order canonicalization; canonical diff written to tests/general/300-dependent-negated-enable-if-nontype-parameter.my.lowir.compare.diff
pa23/tests/general/300-dependent-variable-template-empty-pack-enable-if-selection.t	generated LowIR does not match reference after relaxed metadata canonicalization and order canonicalization; canonical diff written to tests/general/300-dependent-variable-template-empty-pack-enable-if-selection.my.lowir.compare.diff
pa23/tests/general/300-detected-or-alias-template-argument.t	tool exit status mismatch (expected EXIT_SUCCESS, got EXIT_FAILURE)
pa23/tests/general/300-detected-or-dependent-type-argument-default-enable-if.t	tool exit status mismatch (expected EXIT_SUCCESS, got EXIT_FAILURE)
pa23/tests/general/300-detected-or-sfinae-fallback.t	tool exit status mismatch (expected EXIT_SUCCESS, got EXIT_FAILURE)
pa23/tests/general/300-empty-pack-enable-if-selection.t	generated LowIR does not match reference after relaxed metadata canonicalization and order canonicalization; canonical diff written to tests/general/300-empty-pack-enable-if-selection.my.lowir.compare.diff
pa23/tests/general/300-explicit-template-call-dependent-alias-sfinae-overload.t	generated LowIR does not match reference after relaxed metadata canonicalization and order canonicalization; canonical diff written to tests/general/300-explicit-template-call-dependent-alias-sfinae-overload.my.lowir.compare.diff
pa23/tests/general/300-explicit-template-call-transitive-base-deduction.t	tool exit status mismatch (expected EXIT_SUCCESS, got EXIT_FAILURE)
pa23/tests/general/300-function-assignment-invocable-and-helper.t	generated LowIR does not match reference after relaxed metadata canonicalization and order canonicalization; canonical diff written to tests/general/300-function-assignment-invocable-and-helper.my.lowir.compare.diff
pa23/tests/general/300-function-template-nested-alias-explicit-call.t	generated LowIR does not match reference after relaxed metadata canonicalization and order canonicalization; canonical diff written to tests/general/300-function-template-nested-alias-explicit-call.my.lowir.compare.diff
pa23/tests/general/300-hidden-friend-sfinae-use-scope-shadowing.t	tool exit status mismatch (expected EXIT_SUCCESS, got EXIT_FAILURE)
pa23/tests/general/300-incomplete-sizeof-partial-specialization-sfinae.t	tool exit status mismatch (expected EXIT_SUCCESS, got EXIT_FAILURE)
pa23/tests/general/300-inherited-variable-template-enable-if-return.t	tool exit status mismatch (expected EXIT_SUCCESS, got EXIT_FAILURE)
pa23/tests/general/300-late-explicit-specialization-type-argument-does-not-eagerly-instantiate.t	generated LowIR does not match reference after relaxed metadata canonicalization and order canonicalization; canonical diff written to tests/general/300-late-explicit-specialization-type-argument-does-not-eagerly-instantiate.my.lowir.compare.diff
pa23/tests/general/300-local-alias-explicit-template-pack-decltype.t	tool exit status mismatch (expected EXIT_SUCCESS, got EXIT_FAILURE)
pa23/tests/general/300-member-template-assignment-sfinae-copy-fallback.t	tool exit status mismatch (expected EXIT_SUCCESS, got EXIT_FAILURE)
pa23/tests/general/300-out-of-class-partial-owner-ctor-using-alias.t	generated LowIR does not match reference after relaxed metadata canonicalization and order canonicalization; canonical diff written to tests/general/300-out-of-class-partial-owner-ctor-using-alias.my.lowir.compare.diff
pa23/tests/general/300-pack-expanded-enable-if-member-value.t	generated LowIR does not match reference after relaxed metadata canonicalization and order canonicalization; canonical diff written to tests/general/300-pack-expanded-enable-if-member-value.my.lowir.compare.diff
pa23/tests/general/300-qualified-member-template-call-enable-if.t	tool exit status mismatch (expected EXIT_SUCCESS, got EXIT_FAILURE)
pa23/tests/general/300-recursive-streamable-sfinae-guard.t	tool exit status mismatch (expected EXIT_SUCCESS, got EXIT_FAILURE)
pa23/tests/general/300-recursive-swappable-enable-if-array-overload.t	tool exit status mismatch (expected EXIT_SUCCESS, got EXIT_FAILURE)
pa23/tests/general/300-single-element-detector-idiom-sfinae-false.t	tool exit status mismatch (expected EXIT_SUCCESS, got EXIT_FAILURE)
pa23/tests/general/300-structured-enable-if-sizeof-pack-value.t	generated LowIR does not match reference after relaxed metadata canonicalization and order canonicalization; canonical diff written to tests/general/300-structured-enable-if-sizeof-pack-value.my.lowir.compare.diff
pa23/tests/general/300-structured-lazy-and-enable-if-pack-size.t	tool exit status mismatch (expected EXIT_SUCCESS, got EXIT_FAILURE)
pa23/tests/general/300-unnamed-nontype-pack-static-enable-if-default.t	tool exit status mismatch (expected EXIT_SUCCESS, got EXIT_FAILURE)
pa23/tests/general/300-variable-template-default-enable-if-viability.t	generated LowIR does not match reference after relaxed metadata canonicalization and order canonicalization; canonical diff written to tests/general/300-variable-template-default-enable-if-viability.my.lowir.compare.diff
pa23/tests/general/300-variable-template-detected-idiom-direct-arg.t	generated LowIR does not match reference after relaxed metadata canonicalization and order canonicalization; canonical diff written to tests/general/300-variable-template-detected-idiom-direct-arg.my.lowir.compare.diff
pa23/tests/general/300-variadic-disjunction-conjunction-nontype-bool.t	tool exit status mismatch (expected EXIT_SUCCESS, got EXIT_FAILURE)
pa23/tests/general/400-alias-nontype-expression-declaration-scope.t	tool exit status mismatch (expected EXIT_SUCCESS, got EXIT_FAILURE)
pa23/tests/general/400-alias-nontype-pack-partial-specialization-pattern.t	tool exit status mismatch (expected EXIT_SUCCESS, got EXIT_FAILURE)
pa23/tests/general/400-alias-pack-expansion-through-alias.t	tool exit status mismatch (expected EXIT_SUCCESS, got EXIT_FAILURE)
pa23/tests/general/400-alias-pack-nontype-expression-fast-path.t	tool exit status mismatch (expected EXIT_SUCCESS, got EXIT_FAILURE)
pa23/tests/general/400-alias-rebind-partial-specialization-shadow.t	tool exit status mismatch (expected EXIT_SUCCESS, got EXIT_FAILURE)
pa23/tests/general/400-alias-template-decltype-member-type-argument.t	tool exit status mismatch (expected EXIT_SUCCESS, got EXIT_FAILURE)
pa23/tests/general/400-alias-template-function-argument-cv.t	tool exit status mismatch (expected EXIT_SUCCESS, got EXIT_FAILURE)
pa23/tests/general/400-alias-template-pack-id-preserves-syntax.t	tool exit status mismatch (expected EXIT_SUCCESS, got EXIT_FAILURE)
pa23/tests/general/400-alias-value-expression-type-argument.t	tool exit status mismatch (expected EXIT_SUCCESS, got EXIT_FAILURE)
pa23/tests/general/400-bad-nontype-template-argument-type-pack.t	tool exit status mismatch (expected EXIT_FAILURE, got EXIT_SUCCESS)
pa23/tests/general/400-bool-or-dependent-member-type-conditional-base.t	tool exit status mismatch (expected EXIT_SUCCESS, got EXIT_FAILURE)
pa23/tests/general/400-class-template-constructor-template-braced-pack-init.t	tool exit status mismatch (expected EXIT_SUCCESS, got EXIT_FAILURE)
pa23/tests/general/400-common-type-current-specialization-member-return.t	tool timed out (expected EXIT_SUCCESS, got EXIT_TIMEOUT)
pa23/tests/general/400-constructor-template-braced-pack-init.t	tool exit status mismatch (expected EXIT_SUCCESS, got EXIT_FAILURE)
pa23/tests/general/400-conversion-function-template-prefers-nontemplate.t	generated LowIR does not match reference after relaxed metadata canonicalization and order canonicalization; canonical diff written to tests/general/400-conversion-function-template-prefers-nontemplate.my.lowir.compare.diff
pa23/tests/general/400-cv-qualified-template-id-wrapper-class-partial-specialization.t	tool exit status mismatch (expected EXIT_SUCCESS, got EXIT_FAILURE)
pa23/tests/general/400-defaulted-nested-cv-template-template-partial-specialization.t	tool exit status mismatch (expected EXIT_SUCCESS, got EXIT_FAILURE)
pa23/tests/general/400-dependent-alias-nontype-sequence-filter.t	tool exit status mismatch (expected EXIT_SUCCESS, got EXIT_FAILURE)
pa23/tests/general/400-dependent-constant-lookup.t	tool exit status mismatch (expected EXIT_SUCCESS, got EXIT_FAILURE)
pa23/tests/general/400-dependent-decltype-call-pack-expansion.t	tool exit status mismatch (expected EXIT_SUCCESS, got EXIT_FAILURE)
pa23/tests/general/400-dependent-function-type-member-specialization.t	tool exit status mismatch (expected EXIT_SUCCESS, got EXIT_FAILURE)
pa23/tests/general/400-dependent-less-than-enable-if-alias-type-id.t	tool exit status mismatch (expected EXIT_SUCCESS, got EXIT_FAILURE)
pa23/tests/general/400-dependent-less-than-enable-if-nontype-parameter.t	tool exit status mismatch (expected EXIT_SUCCESS, got EXIT_FAILURE)
pa23/tests/general/400-dependent-multiarg-function-type-template-argument.t	tool exit status mismatch (expected EXIT_SUCCESS, got EXIT_FAILURE)
pa23/tests/general/400-dependent-nontype-braced-cast-argument.t	tool exit status mismatch (expected EXIT_SUCCESS, got EXIT_FAILURE)
pa23/tests/general/400-dependent-nontype-member-template-owner.t	tool exit status mismatch (expected EXIT_SUCCESS, got EXIT_FAILURE)
pa23/tests/general/400-dependent-owner-member-class-template-partial-specialization.t	tool exit status mismatch (expected EXIT_SUCCESS, got EXIT_FAILURE)
pa23/tests/general/400-dependent-pack-typename-nontype-expression.t	tool exit status mismatch (expected EXIT_SUCCESS, got EXIT_FAILURE)
pa23/tests/general/400-dependent-qualified-inherited-member-type.t	tool timed out (expected EXIT_SUCCESS, got EXIT_TIMEOUT)
pa23/tests/general/400-dependent-remove-cv-transform-alias-substitution.t	tool exit status mismatch (expected EXIT_SUCCESS, got EXIT_FAILURE)
pa23/tests/general/400-empty-pack-explicit-specialization.t	tool exit status mismatch (expected EXIT_SUCCESS, got EXIT_FAILURE)
pa23/tests/general/400-forward-function-type-partial-specialization-pack-arity.t	tool exit status mismatch (expected EXIT_SUCCESS, got EXIT_FAILURE)
pa23/tests/general/400-function-type-cv-partial-specialization.t	tool exit status mismatch (expected EXIT_SUCCESS, got EXIT_FAILURE)
pa23/tests/general/400-function-type-pack-out-of-class-constructor-template.t	generated LowIR does not match reference after relaxed metadata canonicalization and order canonicalization; canonical diff written to tests/general/400-function-type-pack-out-of-class-constructor-template.my.lowir.compare.diff
pa23/tests/general/400-function-type-partial-specialization-fixed-arity-over-pack.t	tool exit status mismatch (expected EXIT_SUCCESS, got EXIT_FAILURE)
pa23/tests/general/400-function-type-ref-qualified-partial-specialization.t	tool exit status mismatch (expected EXIT_SUCCESS, got EXIT_FAILURE)
pa23/tests/general/400-function-type-tail-pack-recursive-specialization.t	tool exit status mismatch (expected EXIT_SUCCESS, got EXIT_FAILURE)
pa23/tests/general/400-generic-alias-sfinae-fallback.t	tool exit status mismatch (expected EXIT_SUCCESS, got EXIT_FAILURE)
pa23/tests/general/400-inherited-qualified-alias-template-type.t	tool exit status mismatch (expected EXIT_SUCCESS, got EXIT_FAILURE)
pa23/tests/general/400-lazy-implicit-special-member-materialization.t	tool exit status mismatch (expected EXIT_SUCCESS, got EXIT_FAILURE)
pa23/tests/general/400-member-alias-template-owner-rebind-cache.t	tool exit status mismatch (expected EXIT_SUCCESS, got EXIT_FAILURE)
pa23/tests/general/400-member-alias-template-template-dependent-replay.t	tool exit status mismatch (expected EXIT_SUCCESS, got EXIT_FAILURE)
pa23/tests/general/400-member-alias-template-template-empty-template-id-argument.t	tool exit status mismatch (expected EXIT_SUCCESS, got EXIT_FAILURE)
pa23/tests/general/400-member-alias-template-template-owner-argument.t	generated LowIR does not match reference after relaxed metadata canonicalization and order canonicalization; canonical diff written to tests/general/400-member-alias-template-template-owner-argument.my.lowir.compare.diff
pa23/tests/general/400-member-alias-template-template-sfinae-owner.t	tool exit status mismatch (expected EXIT_SUCCESS, got EXIT_FAILURE)
pa23/tests/general/400-nested-member-template-base-param-shadow-value.t	tool exit status mismatch (expected EXIT_SUCCESS, got EXIT_FAILURE)
pa23/tests/general/400-nested-pack-expansion-outer-type-pack.t	tool exit status mismatch (expected EXIT_SUCCESS, got EXIT_FAILURE)
pa23/tests/general/400-nontype-pack-comma-expression-syntax.t	tool exit status mismatch (expected EXIT_SUCCESS, got EXIT_FAILURE)
pa23/tests/general/400-nttp-pack-void-comma-expression.t	tool exit status mismatch (expected EXIT_SUCCESS, got EXIT_FAILURE)
pa23/tests/general/400-out-of-class-ctor-using-imported-member-template.t	generated LowIR does not match reference after relaxed metadata canonicalization and order canonicalization; canonical diff written to tests/general/400-out-of-class-ctor-using-imported-member-template.my.lowir.compare.diff
pa23/tests/general/400-out-of-class-member-template-definition.t	generated LowIR does not match reference after relaxed metadata canonicalization and order canonicalization; canonical diff written to tests/general/400-out-of-class-member-template-definition.my.lowir.compare.diff
pa23/tests/general/400-pack-base-expansion.t	tool exit status mismatch (expected EXIT_SUCCESS, got EXIT_FAILURE)
pa23/tests/general/400-pack-partial-specialization-instantiation.t	tool exit status mismatch (expected EXIT_SUCCESS, got EXIT_FAILURE)
pa23/tests/general/400-partial-specialization-inherited-constructor-template.t	tool exit status mismatch (expected EXIT_SUCCESS, got EXIT_FAILURE)
pa23/tests/general/400-partial-specialization-redecl-member-template-empty-pack.t	tool exit status mismatch (expected EXIT_SUCCESS, got EXIT_FAILURE)
pa23/tests/general/400-qualified-base-type-alias-from-nontype-pack.t	tool exit status mismatch (expected EXIT_SUCCESS, got EXIT_FAILURE)
pa23/tests/general/400-qualified-friend-member-template-access.t	tool exit status mismatch (expected EXIT_SUCCESS, got EXIT_FAILURE)
pa23/tests/general/400-qualified-nontype-braced-cast-argument.t	tool exit status mismatch (expected EXIT_SUCCESS, got EXIT_FAILURE)
pa23/tests/general/400-qualified-nontype-pack-function-param-mangle.t	tool exit status mismatch (expected EXIT_SUCCESS, got EXIT_FAILURE)
pa23/tests/general/400-qualified-template-id-current-scope-alias-shadow.t	tool exit status mismatch (expected EXIT_SUCCESS, got EXIT_FAILURE)
pa23/tests/general/400-recursive-member-template-concrete-owner.t	tool exit status mismatch (expected EXIT_SUCCESS, got EXIT_FAILURE)
pa23/tests/general/400-recursive-pack-template-id-expansion.t	tool exit status mismatch (expected EXIT_SUCCESS, got EXIT_FAILURE)
pa23/tests/general/400-reference-member-depth-pack-sum.t	tool exit status mismatch (expected EXIT_SUCCESS, got EXIT_FAILURE)
pa23/tests/general/400-repeated-pack-partial-specialization-conflict.t	tool exit status mismatch (expected EXIT_SUCCESS, got EXIT_FAILURE)
pa23/tests/general/400-repeated-pack-partial-specialization-preference.t	tool exit status mismatch (expected EXIT_SUCCESS, got EXIT_FAILURE)
pa23/tests/general/400-sibling-namespace-qualified-partial-specialization.t	tool exit status mismatch (expected EXIT_SUCCESS, got EXIT_FAILURE)
pa23/tests/general/400-sizeof-nontype-pack-recursive-template.t	tool exit status mismatch (expected EXIT_SUCCESS, got EXIT_FAILURE)
pa23/tests/general/400-static-data-nttp-pack-sizeof-bound.t	tool exit status mismatch (expected EXIT_SUCCESS, got EXIT_FAILURE)
pa23/tests/general/400-template-member-assignment-operator.t	tool exit status mismatch (expected EXIT_SUCCESS, got EXIT_FAILURE)
pa23/tests/general/400-template-template-alias-default-arity-sfinae.t	tool exit status mismatch (expected EXIT_SUCCESS, got EXIT_FAILURE)
pa23/tests/general/400-template-template-arity-incomplete-partial.t	tool exit status mismatch (expected EXIT_SUCCESS, got EXIT_FAILURE)
pa23/tests/general/400-template-template-fixed-prefix-pack-order.t	tool exit status mismatch (expected EXIT_SUCCESS, got EXIT_FAILURE)
pa23/tests/general/400-trailing-pack-partial-specialization-empty-pack-type-member.t	tool exit status mismatch (expected EXIT_SUCCESS, got EXIT_FAILURE)
pa23/tests/general/400-trailing-pack-partial-specialization-nonempty-pack-type-member.t	tool exit status mismatch (expected EXIT_SUCCESS, got EXIT_FAILURE)
pa23/tests/general/400-unused-static-member-template-return-type.t	tool exit status mismatch (expected EXIT_SUCCESS, got EXIT_FAILURE)
pa23/tests/general/500-alias-pack-enable-if-constexpr-constructor.t	tool exit status mismatch (expected EXIT_SUCCESS, got EXIT_FAILURE)
pa23/tests/general/500-alias-pack-function-return-concrete.t	tool exit status mismatch (expected EXIT_SUCCESS, got EXIT_FAILURE)
pa23/tests/general/500-alias-template-template-defaulted-sfinae-canonical-args.t	tool exit status mismatch (expected EXIT_SUCCESS, got EXIT_FAILURE)
pa23/tests/general/500-array-type-argument-sfinae-static-value.t	tool exit status mismatch (expected EXIT_SUCCESS, got EXIT_FAILURE)
pa23/tests/general/500-async-initiate-dependent-return-sfinae.t	tool exit status mismatch (expected EXIT_SUCCESS, got EXIT_FAILURE)
pa23/tests/general/500-base-qualified-template-value-arg-syntax.t	generated LowIR does not match reference after relaxed metadata canonicalization and order canonicalization; canonical diff written to tests/general/500-base-qualified-template-value-arg-syntax.my.lowir.compare.diff
pa23/tests/general/500-constructor-sfinae-member-template-value.t	tool exit status mismatch (expected EXIT_SUCCESS, got EXIT_FAILURE)
pa23/tests/general/500-decltype-call-substitution-failure-partial-specialization.t	tool exit status mismatch (expected EXIT_SUCCESS, got EXIT_FAILURE)
pa23/tests/general/500-defaulted-nontype-qualified-alias-value.t	tool exit status mismatch (expected EXIT_SUCCESS, got EXIT_FAILURE)
pa23/tests/general/500-defaulted-pack-bool-short-circuit-sfinae.t	tool exit status mismatch (expected EXIT_SUCCESS, got EXIT_FAILURE)
pa23/tests/general/500-dependent-alias-member-template-id-defer.t	tool exit status mismatch (expected EXIT_SUCCESS, got EXIT_FAILURE)
pa23/tests/general/500-dependent-friend-injected-class-name.t	tool exit status mismatch (expected EXIT_SUCCESS, got EXIT_FAILURE)
pa23/tests/general/500-dependent-qualified-member-template-result-bool.t	tool exit status mismatch (expected EXIT_SUCCESS, got EXIT_FAILURE)
pa23/tests/general/500-dependent-qualified-sizeof-static-member.t	tool exit status mismatch (expected EXIT_SUCCESS, got EXIT_FAILURE)
pa23/tests/general/500-evaluated-dependent-nttp-alias-mangle.t	tool exit status mismatch (expected EXIT_SUCCESS, got EXIT_FAILURE)
pa23/tests/general/500-explicit-specialization-dependent-param-typedef.t	generated LowIR does not match reference after relaxed metadata canonicalization and order canonicalization; canonical diff written to tests/general/500-explicit-specialization-dependent-param-typedef.my.lowir.compare.diff
pa23/tests/general/500-index-sequence-alias-constructor-deduction.t	tool exit status mismatch (expected EXIT_SUCCESS, got EXIT_FAILURE)
pa23/tests/general/500-inherited-constructor-template-member-alias-pack.t	tool exit status mismatch (expected EXIT_SUCCESS, got EXIT_FAILURE)
pa23/tests/general/500-internal-remove-cvref-alias-sfinae.t	tool exit status mismatch (expected EXIT_SUCCESS, got EXIT_FAILURE)
pa23/tests/general/500-member-template-conditional-alias-trailing-return.t	tool exit status mismatch (expected EXIT_SUCCESS, got EXIT_FAILURE)
pa23/tests/general/500-member-template-dependent-owner-defaulted-sfinae.t	generated LowIR does not match reference after relaxed metadata canonicalization and order canonicalization; canonical diff written to tests/general/500-member-template-dependent-owner-defaulted-sfinae.my.lowir.compare.diff
pa23/tests/general/500-member-template-enable-if-redeclaration-overload.t	generated LowIR does not match reference after relaxed metadata canonicalization and order canonicalization; canonical diff written to tests/general/500-member-template-enable-if-redeclaration-overload.my.lowir.compare.diff
pa23/tests/general/500-out-of-class-member-template-dependent-owner-type.t	tool exit status mismatch (expected EXIT_SUCCESS, got EXIT_FAILURE)
pa23/tests/general/500-pack-alias-functional-bool-trait-sfinae.t	tool exit status mismatch (expected EXIT_SUCCESS, got EXIT_FAILURE)
pa23/tests/general/500-pack-alias-inherited-bool-constant.t	tool exit status mismatch (expected EXIT_SUCCESS, got EXIT_FAILURE)
pa23/tests/general/500-partial-member-template-trailing-result-scope.t	tool exit status mismatch (expected EXIT_SUCCESS, got EXIT_FAILURE)
pa23/tests/general/500-qualified-member-function-value-fallback-sfinae.t	tool exit status mismatch (expected EXIT_SUCCESS, got EXIT_FAILURE)
pa23/tests/general/500-qualified-rebind-detected-type-arg.t	tool exit status mismatch (expected EXIT_SUCCESS, got EXIT_FAILURE)
pa23/tests/general/500-range-array-reference-mutable-begin.t	tool exit status mismatch (expected EXIT_SUCCESS, got EXIT_FAILURE)
pa23/tests/general/500-recursive-qualified-member-template-bool-arg.t	tool exit status mismatch (expected EXIT_SUCCESS, got EXIT_FAILURE)
pa23/tests/general/500-short-circuit-alias-member-sfinae.t	tool exit status mismatch (expected EXIT_SUCCESS, got EXIT_FAILURE)
pa23/tests/general/500-source-namespace-base-sfinae-chain.t	tool exit status mismatch (expected EXIT_SUCCESS, got EXIT_FAILURE)
pa23/tests/general/500-source-owner-member-template-sfinae-default.t	generated LowIR does not match reference after relaxed metadata canonicalization and order canonicalization; canonical diff written to tests/general/500-source-owner-member-template-sfinae-default.my.lowir.compare.diff
pa23/tests/general/500-tcc-member-constructible-pack-sfinae.t	tool exit status mismatch (expected EXIT_SUCCESS, got EXIT_FAILURE)
pa23/tests/general/500-template-deduction-rejects-value-base-argument.t	tool exit status mismatch (expected EXIT_SUCCESS, got EXIT_FAILURE)
pa23/tests/general/500-type-pack-element-preserves-concrete-argument.t	tool exit status mismatch (expected EXIT_SUCCESS, got EXIT_FAILURE)
pa23/tests/general/500-type-pack-element-result-selects-copy-ctor.t	tool exit status mismatch (expected EXIT_SUCCESS, got EXIT_FAILURE)
pa23/tests/general/500-type-pack-rejects-value-pack-bad.t	tool exit status mismatch (expected EXIT_FAILURE, got EXIT_SUCCESS)
pa23/tests/spec/100-constructor-template-const-ref-conversion.t	tool exit status mismatch (expected EXIT_SUCCESS, got EXIT_FAILURE)
pa23/tests/spec/100-dependent-qualified-return-type.t	tool exit status mismatch (expected EXIT_SUCCESS, got EXIT_FAILURE)
pa23/tests/spec/100-dependent-template-id-qualified-member-source-owner.t	generated LowIR does not match reference after relaxed metadata canonicalization and order canonicalization; canonical diff written to tests/spec/100-dependent-template-id-qualified-member-source-owner.my.lowir.compare.diff
pa23/tests/spec/100-enum-value-partial-specialization-base.t	tool exit status mismatch (expected EXIT_SUCCESS, got EXIT_FAILURE)
pa23/tests/spec/100-explicit-instantiation-after-explicit-specialization-no-effect.t	generated LowIR does not match reference after relaxed metadata canonicalization and order canonicalization; canonical diff written to tests/spec/100-explicit-instantiation-after-explicit-specialization-no-effect.my.lowir.compare.diff
pa23/tests/spec/100-explicit-instantiation-static-member-function.t	tool exit status mismatch (expected EXIT_SUCCESS, got EXIT_FAILURE)
pa23/tests/spec/100-explicit-specialization-after-instantiation.t	tool exit status mismatch (expected EXIT_FAILURE, got EXIT_SUCCESS)
pa23/tests/spec/100-explicit-specialization-cross-converting-ctor-body.t	tool exit status mismatch (expected EXIT_SUCCESS, got EXIT_FAILURE)
pa23/tests/spec/100-explicit-specialization-static-data-member.t	generated LowIR does not match reference after relaxed metadata canonicalization and order canonicalization; canonical diff written to tests/spec/100-explicit-specialization-static-data-member.my.lowir.compare.diff
pa23/tests/spec/100-extern-template-constructor-declaration.t	tool exit status mismatch (expected EXIT_SUCCESS, got EXIT_FAILURE)
pa23/tests/spec/100-extern-template-member-function-declaration.t	tool exit status mismatch (expected EXIT_SUCCESS, got EXIT_FAILURE)
pa23/tests/spec/100-extern-template-static-data-declaration.t	tool exit status mismatch (expected EXIT_SUCCESS, got EXIT_FAILURE)
pa23/tests/spec/100-local-member-call-constructor-template-instantiation.t	tool exit status mismatch (expected EXIT_SUCCESS, got EXIT_FAILURE)
pa23/tests/spec/100-nontype-reference-argument.t	tool exit status mismatch (expected EXIT_SUCCESS, got EXIT_FAILURE)
pa23/tests/spec/100-nontype-static-outdef-value-member-preserves-type.t	tool exit status mismatch (expected EXIT_SUCCESS, got EXIT_FAILURE)
pa23/tests/spec/100-nontype-static-value-member-preserves-type.t	tool exit status mismatch (expected EXIT_SUCCESS, got EXIT_FAILURE)
pa23/tests/spec/100-out-of-class-conversion-operator-definition.t	tool exit status mismatch (expected EXIT_SUCCESS, got EXIT_FAILURE)
pa23/tests/spec/100-partial-specialization-member-primary-param-name.t	tool exit status mismatch (expected EXIT_SUCCESS, got EXIT_FAILURE)
pa23/tests/spec/200-array-bound-class-partial-specialization.t	tool exit status mismatch (expected EXIT_SUCCESS, got EXIT_FAILURE)
pa23/tests/spec/200-defaulted-class-template-argument-pack-prefix-deduction.t	tool exit status mismatch (expected EXIT_SUCCESS, got EXIT_FAILURE)
pa23/tests/spec/200-dependent-specialized-default-arg-deduction.t	tool exit status mismatch (expected EXIT_SUCCESS, got EXIT_FAILURE)
pa23/tests/spec/200-function-template-array-bound-deduction.t	tool exit status mismatch (expected EXIT_SUCCESS, got EXIT_FAILURE)
pa23/tests/spec/200-inherited-template-param-shadow-forward.t	generated LowIR does not match reference after relaxed metadata canonicalization and order canonicalization; canonical diff written to tests/spec/200-inherited-template-param-shadow-forward.my.lowir.compare.diff
pa23/tests/spec/200-member-template-explicit-pack-forward-call.t	tool exit status mismatch (expected EXIT_SUCCESS, got EXIT_FAILURE)
pa23/tests/spec/200-tag-parameter-constructor-template-partial-ordering.t	generated LowIR does not match reference after relaxed metadata canonicalization and order canonicalization; canonical diff written to tests/spec/200-tag-parameter-constructor-template-partial-ordering.my.lowir.compare.diff
pa23/tests/spec/300-alias-template-sfinae-fallback.t	generated LowIR does not match reference after relaxed metadata canonicalization and order canonicalization; canonical diff written to tests/spec/300-alias-template-sfinae-fallback.my.lowir.compare.diff
pa23/tests/spec/300-constructor-default-pack-partial-ordering.t	tool exit status mismatch (expected EXIT_SUCCESS, got EXIT_FAILURE)
pa23/tests/spec/300-cross-specialization-converting-ctor-operator-template.t	tool exit status mismatch (expected EXIT_SUCCESS, got EXIT_FAILURE)
pa23/tests/spec/300-defaulted-enable-if-after-array-bound-deduction.t	tool exit status mismatch (expected EXIT_SUCCESS, got EXIT_FAILURE)
pa23/tests/spec/300-empty-pack-enable-if-selection.t	generated LowIR does not match reference after relaxed metadata canonicalization and order canonicalization; canonical diff written to tests/spec/300-empty-pack-enable-if-selection.my.lowir.compare.diff
pa23/tests/spec/300-explicit-template-call-dependent-alias-sfinae-overload.t	generated LowIR does not match reference after relaxed metadata canonicalization and order canonicalization; canonical diff written to tests/spec/300-explicit-template-call-dependent-alias-sfinae-overload.my.lowir.compare.diff
pa23/tests/spec/300-late-explicit-specialization-type-argument-does-not-eagerly-instantiate.t	tool exit status mismatch (expected EXIT_SUCCESS, got EXIT_FAILURE)
pa23/tests/spec/300-out-of-class-sfinae-member-template-alias-body.t	generated LowIR does not match reference after relaxed metadata canonicalization and order canonicalization; canonical diff written to tests/spec/300-out-of-class-sfinae-member-template-alias-body.my.lowir.compare.diff
pa23/tests/spec/300-out-of-class-sfinae-member-template-body.t	generated LowIR does not match reference after relaxed metadata canonicalization and order canonicalization; canonical diff written to tests/spec/300-out-of-class-sfinae-member-template-body.my.lowir.compare.diff
pa23/tests/spec/300-qualified-template-id-function-template-use-scope.t	tool exit status mismatch (expected EXIT_SUCCESS, got EXIT_FAILURE)
pa23/tests/spec/300-template-id-direct-parameter-same-name-deduction.t	tool exit status mismatch (expected EXIT_SUCCESS, got EXIT_FAILURE)
pa23/tests/spec/300-void-t-detector.t	generated LowIR does not match reference after relaxed metadata canonicalization and order canonicalization; canonical diff written to tests/spec/300-void-t-detector.my.lowir.compare.diff
pa23/tests/spec/400-conversion-function-template-owner-result-copy-init.t	tool exit status mismatch (expected EXIT_SUCCESS, got EXIT_FAILURE)
pa23/tests/spec/400-defaulted-type-arg-specialization-nontype-value.t	tool exit status mismatch (expected EXIT_SUCCESS, got EXIT_FAILURE)
pa23/tests/spec/400-explicit-pack-type-argument-uses-bound-type.t	generated LowIR does not match reference after relaxed metadata canonicalization and order canonicalization; canonical diff written to tests/spec/400-explicit-pack-type-argument-uses-bound-type.my.lowir.compare.diff
pa23/tests/spec/400-explicit-type-arg-dependent-qualified-member-template-id.t	tool exit status mismatch (expected EXIT_SUCCESS, got EXIT_FAILURE)
pa23/tests/spec/400-member-class-template-out-of-class.t	tool exit status mismatch (expected EXIT_SUCCESS, got EXIT_FAILURE)
pa23/tests/spec/400-member-function-template-out-of-class.t	generated LowIR does not match reference after relaxed metadata canonicalization and order canonicalization; canonical diff written to tests/spec/400-member-function-template-out-of-class.my.lowir.compare.diff
pa23/tests/spec/400-member-template-nontype-param-shadows-inherited-value.t	tool exit status mismatch (expected EXIT_SUCCESS, got EXIT_FAILURE)
pa23/tests/spec/400-out-of-class-member-template-owner-param-rename.t	generated LowIR does not match reference after relaxed metadata canonicalization and order canonicalization; canonical diff written to tests/spec/400-out-of-class-member-template-owner-param-rename.my.lowir.compare.diff
pa23/tests/spec/400-out-of-class-member-template-tag-dispatch-definition.t	generated LowIR does not match reference after relaxed metadata canonicalization and order canonicalization; canonical diff written to tests/spec/400-out-of-class-member-template-tag-dispatch-definition.my.lowir.compare.diff
pa23/tests/spec/400-out-of-class-overloaded-member-template-definition.t	generated LowIR does not match reference after relaxed metadata canonicalization and order canonicalization; canonical diff written to tests/spec/400-out-of-class-overloaded-member-template-definition.my.lowir.compare.diff
pa23/tests/spec/400-qualified-member-template-id-bool-constant.t	tool exit status mismatch (expected EXIT_SUCCESS, got EXIT_FAILURE)
pa23/tests/spec/400-template-template-parameter-basic.t	tool exit status mismatch (expected EXIT_SUCCESS, got EXIT_FAILURE)
pa23/tests/spec/400-variadic-base-pack-expansion.t	tool exit status mismatch (expected EXIT_SUCCESS, got EXIT_FAILURE)
pa23/tests/spec/500-array-reference-cv-partial-ordering.t	tool exit status mismatch (expected EXIT_SUCCESS, got EXIT_FAILURE)
pa23/tests/spec/500-function-template-array-bound-only-deduction.t	tool exit status mismatch (expected EXIT_SUCCESS, got EXIT_FAILURE)
pa23/tests/spec/500-hidden-friend-query-free-decltype-noexcept.t	tool exit status mismatch (expected EXIT_SUCCESS, got EXIT_FAILURE)
pa23/tests/spec/500-member-alias-pack-owner-sfinae.t	tool exit status mismatch (expected EXIT_SUCCESS, got EXIT_FAILURE)
pa23/tests/spec/500-template-template-conversion-operator-reference-target.t	tool exit status mismatch (expected EXIT_SUCCESS, got EXIT_FAILURE)
pa23/tests/spec/500-template-template-piecewise-partial-ordering.t	tool exit status mismatch (expected EXIT_SUCCESS, got EXIT_FAILURE)
pa23/tests/spec/500-unqualified-member-template-local-alias-deduction.t	tool exit status mismatch (expected EXIT_SUCCESS, got EXIT_FAILURE)
